{"cameraMode":{"drawMode":0,"name":"Shaded","section":"Shading Mode"},"sceneLighting":false,"audioPlay":false,"sceneViewState":{"showFog":true,"showMaterialUpdate":false,"showSkybox":true,"showFlares":true,"showImageEffects":true,"showParticleSystems":true},"in2DMode":false,"pivot":{"x":60.63533401489258,"y":-5.580216407775879,"z":60.47522735595703},"rotation":{"x":0.11255249381065369,"y":-0.017889145761728288,"z":0.0020269581582397224,"w":0.99348384141922},"size":29.978254318237306,"orthographic":false}